[
    // WEAPONS
    {
        "name": "Gauntlets of the Necromancer",
        "type": "toggle",
        "img": "/images/items/gauntlets.png",
        "codes": "gauntlets"
    },
    {
        "name": "Ethereal Crossbow",
        "type": "toggle",
        "img": "/images/items/crossbow.png",
        "codes": "crossbow"
    },
    {
        "name": "Dragon Claw",
        "type": "toggle",
        "img": "/images/items/dragon_claw.png",
        "codes": "dragon_claw"
    },
    {
        "name": "Hellstaff",
        "type": "toggle",
        "img": "/images/items/hellstaff.png",
        "codes": "hellstaff"
    },
    {
        "name": "Phoenix Rod",
        "type": "toggle",
        "img": "/images/items/phoenix_rod.png",
        "codes": "phoenix_rod"
    },
    {
        "name": "Firemace",
        "type": "toggle",
        "img": "/images/items/firemace.png",
        "codes": "firemace"
    },
    {
        "name": "Bag of Holding",
        "type": "toggle",
        "img": "/images/items/bag_of_holding.png",
        "codes": "bag"
    },

    // EPISODE 1 ACCESS
    {
        "name": "The Docks (E1M1)",
        "type": "progressive",
        "img": "/images/levels/1-1.png",
        "codes": "e1m1_access",
        "initial_stage_idx": 0,
        "allow_disabled": false,
        "stages": [
            {
                "img": "/images/levels/1-1.png",
                "codes": "e1m1_access",
                "inherit_codes": false
            },
            {
                "img": "/images/levels/1-1.png",
                "codes": "e1m1_access",
                "inherit_codes": false
            }
        ]
    },
    {
        "name":"The Dungeons (E1M2)",
        "type": "toggle",
        "img": "/images/levels/1-2.png",
        "codes": "e1m2_access"
    },
    {
        "name":"The Gatehouse (E1M3)",
        "type": "toggle",
        "img": "/images/levels/1-3.png",
        "codes": "e1m3_access"
    },
    {
        "name":"The Guard Tower (E1M4)",
        "type": "toggle",
        "img": "/images/levels/1-4.png",
        "codes": "e1m4_access"
    },
    {
        "name":"The Citadel (E1M5)",
        "type": "toggle",
        "img": "/images/levels/1-5.png",
        "codes": "e1m5_access"
    },
    {
        "name":"The Cathedral (E1M6)",
        "type": "toggle",
        "img": "/images/levels/1-6.png",
        "codes": "e1m6_access"
    },
    {
        "name":"The Crypts (E1M7)",
        "type": "toggle",
        "img": "/images/levels/1-7.png",
        "codes": "e1m7_access"
    },
    {
        "name":"Hell's Maw (E1M8)",
        "type": "toggle",
        "img": "/images/levels/1-8.png",
        "codes": "e1m8_access"
    },
    {
        "name":"The Graveyard (E1M9)",
        "type": "toggle",
        "img": "/images/levels/1-9.png",
        "codes": "e1m9_access"
    },

    // EPISODE 1 ITEMS
    {
        "name": "The Docks (E1M1) - Complete",
        "type": "toggle",
        "img": "/images/items/IN_X.png",
        "codes": "e1m1_complete"
    },
    {
        "name": "The Docks (E1M1) - Yellow Key",
        "type": "toggle",
        "img": "/images/items/YKEYICON.png",
        "codes": "e1m1_yellow"
    },
    {
        "name": "The Dungeons (E1M2) - Complete",
        "type": "toggle",
        "img": "/images/items/IN_X.png",
        "codes": "e1m2_complete"
    },
    {
        "name": "The Dungeons (E1M2) - Yellow key",
        "type": "toggle",
        "img": "/images/items/YKEYICON.png",
        "codes": "e1m2_yellow"
    },
    {
        "name": "The Dungeons (E1M2) - Green key",
        "type": "toggle",
        "img": "/images/items/GKEYICON.png",
        "codes": "e1m2_green"
    },
    {
        "name": "The Dungeons (E1M2) - Blue key",
        "type": "toggle",
        "img": "/images/items/BKEYICON.png",
        "codes": "e1m2_blue"
    },
    {
        "name": "The Gatehouse (E1M3) - Complete",
        "type": "toggle",
        "img": "/images/items/IN_X.png",
        "codes": "e1m3_complete"
    },
    {
        "name": "The Gatehouse (E1M3) - Yellow key",
        "type": "toggle",
        "img": "/images/items/YKEYICON.png",
        "codes": "e1m3_yellow"
    },
    {
        "name": "The Gatehouse (E1M3) - Green key",
        "type": "toggle",
        "img": "/images/items/GKEYICON.png",
        "codes": "e1m3_green"
    },
    {
        "name": "The Guard Tower (E1M4) - Complete",
        "type": "toggle",
        "img": "/images/items/IN_X.png",
        "codes": "e1m4_complete"
    },
    {
        "name": "The Guard Tower (E1M4) - Yellow key",
        "type": "toggle",
        "img": "/images/items/YKEYICON.png",
        "codes": "e1m4_yellow"
    },
    {
        "name": "The Guard Tower (E1M4) - Green key",
        "type": "toggle",
        "img": "/images/items/GKEYICON.png",
        "codes": "e1m4_green"
    },
    {
        "name": "The Citadel (E1M5) - Complete",
        "type": "toggle",
        "img": "/images/items/IN_X.png",
        "codes": "e1m5_complete"
    },
    {
        "name": "The Citadel (E1M5) - Yellow key",
        "type": "toggle",
        "img": "/images/items/YKEYICON.png",
        "codes": "e1m5_yellow"
    },
    {
        "name": "The Citadel (E1M5) - Green key",
        "type": "toggle",
        "img": "/images/items/GKEYICON.png",
        "codes": "e1m5_green"
    },
    {
        "name": "The Citadel (E1M5) - Blue key",
        "type": "toggle",
        "img": "/images/items/BKEYICON.png",
        "codes": "e1m5_blue"
    },
    {
        "name": "The Cathedral (E1M6) - Complete",
        "type": "toggle",
        "img": "/images/items/IN_X.png",
        "codes": "e1m6_complete"
    },
    {
        "name": "The Cathedral (E1M6) - Yellow key",
        "type": "toggle",
        "img": "/images/items/YKEYICON.png",
        "codes": "e1m6_yellow"
    },
    {
        "name": "The Cathedral (E1M6) - Green key",
        "type": "toggle",
        "img": "/images/items/GKEYICON.png",
        "codes": "e1m6_green"
    },
    {
        "name": "The Crypts (E1M7) - Complete",
        "type": "toggle",
        "img": "/images/items/IN_X.png",
        "codes": "e1m7_complete"
    },
    {
        "name": "The Crypts (E1M7) - Yellow key",
        "type": "toggle",
        "img": "/images/items/YKEYICON.png",
        "codes": "e1m7_yellow"
    },
    {
        "name": "The Crypts (E1M7) - Green key",
        "type": "toggle",
        "img": "/images/items/GKEYICON.png",
        "codes": "e1m7_green"
    },
    {
        "name": "The Crypts (E1M7) - Blue key",
        "type": "toggle",
        "img": "/images/items/BKEYICON.png",
        "codes": "e1m7_blue"
    },
    {
        "name": "Hell's Maw (E1M8) - Complete",
        "type": "toggle",
        "img": "/images/items/IN_X.png",
        "codes": "e1m8_complete"
    },
    {
        "name": "The Graveyard (E1M9) - Complete",
        "type": "toggle",
        "img": "/images/items/IN_X.png",
        "codes": "e1m9_complete"
    },
    {
        "name": "The Graveyard (E1M9) - Yellow key",
        "type": "toggle",
        "img": "/images/items/YKEYICON.png",
        "codes": "e1m9_yellow"
    },
    {
        "name": "The Graveyard (E1M9) - Green key",
        "type": "toggle",
        "img": "/images/items/GKEYICON.png",
        "codes": "e1m9_green"
    },
    {
        "name": "The Graveyard (E1M9) - Blue key",
        "type": "toggle",
        "img": "/images/items/BKEYICON.png",
        "codes": "e1m9_blue"
    },

    //EPISODE 2 ACCESS
    {
        "name":"The Crater (E2M1)",
        "type": "progressive",
        "img": "/images/levels/2-1.png",
        "codes": "e2m1_access",
        "initial_stage_idx": 0,
        "allow_disabled": false,
        "stages": [
            {
                "img": "/images/levels/2-1.png",
                "codes": "e2m1_access",
                "inherit_codes": false
            },
            {
                "img": "/images/levels/2-1.png",
                "codes": "e2m1_access",
                "inherit_codes": false
            }
        ]
    },
    {
        "name":"The Lava Pits (E2M2)",
        "type": "toggle",
        "img": "/images/levels/2-2.png",
        "codes": "e2m2_access"
    },
    {
        "name":"The River of Fire (E2M3)",
        "type": "toggle",
        "img": "/images/levels/2-3.png",
        "codes": "e2m3_access"
    },
    {
        "name":"The Ice Grotto (E2M4)",
        "type": "toggle",
        "img": "/images/levels/2-4.png",
        "codes": "e2m4_access"
    },
    {
        "name":"The Catacombs (E2M5)",
        "type": "toggle",
        "img": "/images/levels/2-5.png",
        "codes": "e2m5_access"
    },
    {
        "name":"The Labyrinth (E2M6)",
        "type": "toggle",
        "img": "/images/levels/2-6.png",
        "codes": "e2m6_access"
    },
    {
        "name":"The Great Hall (E2M7)",
        "type": "toggle",
        "img": "/images/levels/2-7.png",
        "codes": "e2m7_access"
    },
    {
        "name":"The Portals of Chaos (E2M8)",
        "type": "toggle",
        "img": "/images/levels/2-8.png",
        "codes": "e2m8_access"
    },
    {
        "name":"The Glacier (E2M9)",
        "type": "toggle",
        "img": "/images/levels/2-9.png",
        "codes": "e2m9_access"
    },

    //EPISODE 2 ITEMS
    {
        "name": "The Crater (E2M1) - Complete",
        "type": "toggle",
        "img": "/images/items/IN_X.png",
        "codes": "e2m1_complete"
    },
    {
        "name": "The Crater (E2M1) - Yellow key",
        "type": "toggle",
        "img": "/images/items/YKEYICON.png",
        "codes": "e2m1_yellow"
    },
    {
        "name": "The Crater (E2M1) - Green key",
        "type": "toggle",
        "img": "/images/items/GKEYICON.png",
        "codes": "e2m1_green"
    },
    {
        "name": "The Lava Pits (E2M2) - Complete",
        "type": "toggle",
        "img": "/images/items/IN_X.png",
        "codes": "e2m2_complete"
    },
    {
        "name": "The Lava Pits (E2M2) - Yellow key",
        "type": "toggle",
        "img": "/images/items/YKEYICON.png",
        "codes": "e2m2_yellow"
    },
    {
        "name": "The Lava Pits (E2M2) - Green key",
        "type": "toggle",
        "img": "/images/items/GKEYICON.png",
        "codes": "e2m2_green"
    },
    {
        "name": "The River of Fire (E2M3) - Complete",
        "type": "toggle",
        "img": "/images/items/IN_X.png",
        "codes": "e2m3_complete"
    },
    {
        "name": "The River of Fire (E2M3) - Yellow key",
        "type": "toggle",
        "img": "/images/items/YKEYICON.png",
        "codes": "e2m3_yellow"
    },
    {
        "name": "The River of Fire (E2M3) - Green key",
        "type": "toggle",
        "img": "/images/items/GKEYICON.png",
        "codes": "e2m3_green"
    },
    {
        "name": "The River of Fire (E2M3) - Blue key",
        "type": "toggle",
        "img": "/images/items/BKEYICON.png",
        "codes": "e2m3_blue"
    },
    {
        "name": "The Ice Grotto (E2M4) - Complete",
        "type": "toggle",
        "img": "/images/items/IN_X.png",
        "codes": "e2m4_complete"
    },
    {
        "name": "The Ice Grotto (E2M4) - Yellow key",
        "type": "toggle",
        "img": "/images/items/YKEYICON.png",
        "codes": "e2m4_yellow"
    },
    {
        "name": "The Ice Grotto (E2M4) - Green key",
        "type": "toggle",
        "img": "/images/items/GKEYICON.png",
        "codes": "e2m4_green"
    },
    {
        "name": "The Ice Grotto (E2M4) - Blue key",
        "type": "toggle",
        "img": "/images/items/BKEYICON.png",
        "codes": "e2m4_blue"
    },
    {
        "name": "The Catacombs (E2M5) - Complete",
        "type": "toggle",
        "img": "/images/items/IN_X.png",
        "codes": "e2m5_complete"
    },
    {
        "name": "The Catacombs (E2M5) - Yellow key",
        "type": "toggle",
        "img": "/images/items/YKEYICON.png",
        "codes": "e2m5_yellow"
    },
    {
        "name": "The Catacombs (E2M5) - Green key",
        "type": "toggle",
        "img": "/images/items/GKEYICON.png",
        "codes": "e2m5_green"
    },
    {
        "name": "The Catacombs (E2M5) - Blue key",
        "type": "toggle",
        "img": "/images/items/BKEYICON.png",
        "codes": "e2m5_blue"
    },
    {
        "name": "The Labyrinth (E2M6) - Complete",
        "type": "toggle",
        "img": "/images/items/IN_X.png",
        "codes": "e2m6_complete"
    },
    {
        "name": "The Labyrinth (E2M6) - Yellow key",
        "type": "toggle",
        "img": "/images/items/YKEYICON.png",
        "codes": "e2m6_yellow"
    },
    {
        "name": "The Labyrinth (E2M6) - Green key",
        "type": "toggle",
        "img": "/images/items/GKEYICON.png",
        "codes": "e2m6_green"
    },
    {
        "name": "The Labyrinth (E2M6) - Blue key",
        "type": "toggle",
        "img": "/images/items/BKEYICON.png",
        "codes": "e2m6_blue"
    },
    {
        "name": "The Great Hall (E2M7) - Complete",
        "type": "toggle",
        "img": "/images/items/IN_X.png",
        "codes": "e2m7_complete"
    },
    {
        "name": "The Great Hall (E2M7) - Yellow key",
        "type": "toggle",
        "img": "/images/items/YKEYICON.png",
        "codes": "e2m7_yellow"
    },
    {
        "name": "The Great Hall (E2M7) - Green key",
        "type": "toggle",
        "img": "/images/items/GKEYICON.png",
        "codes": "e2m7_green"
    },
    {
        "name": "The Great Hall (E2M7) - Blue key",
        "type": "toggle",
        "img": "/images/items/BKEYICON.png",
        "codes": "e2m7_blue"
    },
    {
        "name": "The Portals of Choas (E2M8) - Complete",
        "type": "toggle",
        "img": "/images/items/IN_X.png",
        "codes": "e2m8_complete"
    },
    {
        "name": "The Glacier (E2M9) - Complete",
        "type": "toggle",
        "img": "/images/items/IN_X.png",
        "codes": "e2m9_complete"
    },
    {
        "name": "The Glacier (E2M9) - Yellow key",
        "type": "toggle",
        "img": "/images/items/YKEYICON.png",
        "codes": "e2m9_yellow"
    },
    {
        "name": "The Glacier (E2M9) - Green key",
        "type": "toggle",
        "img": "/images/items/GKEYICON.png",
        "codes": "e2m9_green"
    },
    {
        "name": "The Glacier (E2M9) - Blue key",
        "type": "toggle",
        "img": "/images/items/BKEYICON.png",
        "codes": "e2m9_blue"
    },

    //EPISODE 3 ACCESS
    {
        "name":"The Storehouse (E3M1)",
        "type": "progressive",
        "img": "/images/levels/3-1.png",
        "codes": "e3m1_access",
        "initial_stage_idx": 0,
        "allow_disabled": false,
        "stages": [
            {
                "img": "/images/levels/3-1.png",
                "codes": "e3m1_access",
                "inherit_codes": false
            },
            {
                "img": "/images/levels/3-1.png",
                "codes": "e3m1_access",
                "inherit_codes": false
            }
        ]
    },
    {
        "name": "The Cesspool (E3M2)",
        "type": "toggle",
        "img": "/images/levels/3-2.png",
        "codes": "e3m2_access"
    },
    {
        "name": "The Confluence (E3M3)",
        "type": "toggle",
        "img": "/images/levels/3-3.png",
        "codes": "e3m3_access"
    },
    {
        "name": "The Azure Fortress (E3M4)",
        "type": "toggle",
        "img": "/images/levels/3-4.png",
        "codes": "e3m4_access"
    },
    {
        "name": "The Ophidian Lair (E3M5)",
        "type": "toggle",
        "img": "/images/levels/3-5.png",
        "codes": "e3m5_access"
    },
    {
        "name": "The Halls of Fear (E3M6)",
        "type": "toggle",
        "img": "/images/levels/3-6.png",
        "codes": "e3m6_access"
    },
    {
        "name": "The Chasm (E3M7)",
        "type": "toggle",
        "img": "/images/levels/3-7.png",
        "codes": "e3m7_access"
    },
    {
        "name": "D'Sparil's Keep (E3M8)",
        "type": "toggle",
        "img": "/images/levels/3-8.png",
        "codes": "e3m8_access"
    },
    {
        "name": "The Aquifier (E3M9)",
        "type": "toggle",
        "img": "/images/levels/3-9.png",
        "codes": "e3m9_access"
    },

    //EPISODE 3 ITEMS
    {
        "name": "The Storehouse (E3M1) - Complete",
        "type": "toggle",
        "img": "/images/items/IN_X.png",
        "codes": "e3m1_complete"
    },
    {
        "name": "The Storehouse (E3M1) - Yellow key",
        "type": "toggle",
        "img": "/images/items/YKEYICON.png",
        "codes": "e3m1_yellow"
    },
    {
        "name": "The Storehouse (E3M1) - Green key",
        "type": "toggle",
        "img": "/images/items/GKEYICON.png",
        "codes": "e3m1_green"
    },
    {
        "name": "The Cesspool (E3M2) - Complete",
        "type": "toggle",
        "img": "/images/items/IN_X.png",
        "codes": "e3m2_complete"
    },
    {
        "name": "The Cesspool (E3M2) - Yellow key",
        "type": "toggle",
        "img": "/images/items/YKEYICON.png",
        "codes": "e3m2_yellow"
    },
    {
        "name": "The Cesspool (E3M2) - Green key",
        "type": "toggle",
        "img": "/images/items/GKEYICON.png",
        "codes": "e3m2_green"
    },
    {
        "name": "The Cesspool (E3M2) - Blue key",
        "type": "toggle",
        "img": "/images/items/BKEYICON.png",
        "codes": "e3m2_blue"
    },
    {
        "name": "The Confluence (E3M3) - Complete",
        "type": "toggle",
        "img": "/images/items/IN_X.png",
        "codes": "e3m3_complete"
    },
    {
        "name": "The Confluence (E3M3) - Yellow key",
        "type": "toggle",
        "img": "/images/items/YKEYICON.png",
        "codes": "e3m3_yellow"
    },
    {
        "name": "The Confluence (E3M3) - Green key",
        "type": "toggle",
        "img": "/images/items/GKEYICON.png",
        "codes": "e3m3_green"
    },
    {
        "name": "The Confluence (E3M3) - Blue key",
        "type": "toggle",
        "img": "/images/items/BKEYICON.png",
        "codes": "e3m3_blue"
    },
    {
        "name": "The Azure Fortress (E3M4) - Complete",
        "type": "toggle",
        "img": "/images/items/IN_X.png",
        "codes": "e3m4_complete"
    },
    {
        "name": "The Azure Fortress (E3M4) - Yellow key",
        "type": "toggle",
        "img": "/images/items/YKEYICON.png",
        "codes": "e3m4_yellow"
    },
    {
        "name": "The Azure Fortress (E3M4) - Green key",
        "type": "toggle",
        "img": "/images/items/GKEYICON.png",
        "codes": "e3m4_green"
    },
    {
        "name": "The Ophidian Lair (E3M5) - Complete",
        "type": "toggle",
        "img": "/images/items/IN_X.png",
        "codes": "e3m5_complete"
    },
    {
        "name": "The Ophidian Lair (E3M5) - Yellow key",
        "type": "toggle",
        "img": "/images/items/YKEYICON.png",
        "codes": "e3m5_yellow"
    },
    {
        "name": "The Ophidian Lair (E3M5) - Green key",
        "type": "toggle",
        "img": "/images/items/GKEYICON.png",
        "codes": "e3m5_green"
    },
    {
        "name": "The Halls of Fear (E3M6) - Complete",
        "type": "toggle",
        "img": "/images/items/IN_X.png",
        "codes": "e3m6_complete"
    },
    {
        "name": "The Halls of Fear (E3M6) - Yellow key",
        "type": "toggle",
        "img": "/images/items/YKEYICON.png",
        "codes": "e3m6_yellow"
    },
    {
        "name": "The Halls of Fear (E3M6) - Green key",
        "type": "toggle",
        "img": "/images/items/GKEYICON.png",
        "codes": "e3m6_green"
    },
    {
        "name": "The Halls of Fear (E3M6) - Blue key",
        "type": "toggle",
        "img": "/images/items/BKEYICON.png",
        "codes": "e3m6_blue"
    },
    {
        "name": "The Chasm (E3M7) - Complete",
        "type": "toggle",
        "img": "/images/items/IN_X.png",
        "codes": "e3m7_complete"
    },
    {
        "name": "The Chasm (E3M7) - Yellow key",
        "type": "toggle",
        "img": "/images/items/YKEYICON.png",
        "codes": "e3m7_yellow"
    },
    {
        "name": "The Chasm (E3M7) - Green key",
        "type": "toggle",
        "img": "/images/items/GKEYICON.png",
        "codes": "e3m7_green"
    },
    {
        "name": "The Chasm (E3M7) - Blue key",
        "type": "toggle",
        "img": "/images/items/BKEYICON.png",
        "codes": "e3m7_blue"
    },
    {
        "name": "D'Sparil's Keep (E3M8) - Complete",
        "type": "toggle",
        "img": "/images/items/IN_X.png",
        "codes": "e3m8_complete"
    },
    {
        "name": "The Aquifier (E3M9) - Complete",
        "type": "toggle",
        "img": "/images/items/IN_X.png",
        "codes": "e3m9_complete"
    },
    {
        "name": "The Aquifier (E3M9) - Yellow key",
        "type": "toggle",
        "img": "/images/items/YKEYICON.png",
        "codes": "e3m9_yellow"
    },
    {
        "name": "The Aquifier (E3M9) - Green key",
        "type": "toggle",
        "img": "/images/items/GKEYICON.png",
        "codes": "e3m9_green"
    },
    {
        "name": "The Aquifier (E3M9) - Blue key",
        "type": "toggle",
        "img": "/images/items/BKEYICON.png",
        "codes": "e3m9_blue"
    },

    //EPISODE 4 ACCESS
    {
        "name": "Catafalque (E4M1)",
        "type": "progressive",
        "img": "/images/levels/4-1.png",
        "codes": "e4m1_access",
        "initial_stage_idx": 0,
        "allow_disabled": false,
        "stages": [
            {
                "img": "/images/levels/4-1.png",
                "codes": "e4m1_access",
                "inherit_codes": false
            },
            {
                "img": "/images/levels/4-1.png",
                "codes": "e4m1_access",
                "inherit_codes": false
            }
        ]
    },
    {
        "name": "Blockhouse (E4M2)",
        "type": "toggle",
        "img": "/images/levels/4-2.png",
        "codes": "e4m2_access"
    },
    {
        "name": "Ambulatory (E4M3)",
        "type": "toggle",
        "img": "/images/levels/4-3.png",
        "codes": "e4m3_access"
    },
    {
        "name": "Sepulcher (E4M4)",
        "type": "toggle",
        "img": "/images/levels/4-4.png",
        "codes": "e4m4_access"
    },
    {
        "name": "Great Stair (E4M5)",
        "type": "toggle",
        "img": "/images/levels/4-5.png",
        "codes": "e4m5_access"
    },
    {
        "name": "Halls of the Apostate (E4M6)",
        "type": "toggle",
        "img": "/images/levels/4-6.png",
        "codes": "e4m6_access"
    },
    {
        "name": "Ramparts of Perdition (E4M7)",
        "type": "toggle",
        "img": "/images/levels/4-7.png",
        "codes": "e4m7_access"
    },
    {
        "name": "Shattered Bridge (E4M8)",
        "type": "toggle",
        "img": "/images/levels/4-8.png",
        "codes": "e4m8_access"
    },
    {
        "name": "Mausoleum (E4M9)",
        "type": "toggle",
        "img": "/images/levels/4-9.png",
        "codes": "e4m9_access"
    },

    //EPISODE 4 ITEMS
    {
        "name": "Catafalque (E4M1) - Complete",
        "type": "toggle",
        "img": "/images/items/IN_X.png",
        "codes": "e4m1_complete"
    },
    {
        "name": "Catafalque (E4M1) - Yellow key",
        "type": "toggle",
        "img": "/images/items/YKEYICON.png",
        "codes": "e4m1_yellow"
    },
    {
        "name": "Catafalque (E4M1) - Green key",
        "type": "toggle",
        "img": "/images/items/GKEYICON.png",
        "codes": "e4m1_green"
    },
    {
        "name": "Blockhouse (E4M2) - Complete",
        "type": "toggle",
        "img": "/images/items/IN_X.png",
        "codes": "e4m2_complete"
    },
    {
        "name": "Blockhouse (E4M2) - Yellow key",
        "type": "toggle",
        "img": "/images/items/YKEYICON.png",
        "codes": "e4m2_yellow"
    },
    {
        "name": "Blockhouse (E4M2) - Green key",
        "type": "toggle",
        "img": "/images/items/GKEYICON.png",
        "codes": "e4m2_green"
    },
    {
        "name": "Blockhouse (E4M2) - Blue key",
        "type": "toggle",
        "img": "/images/items/BKEYICON.png",
        "codes": "e4m2_blue"
    },
    {
        "name": "Ambulatory (E4M3) - Complete",
        "type": "toggle",
        "img": "/images/items/IN_X.png",
        "codes": "e4m3_complete"
    },
    {
        "name": "Ambulatory (E4M3) - Yellow key",
        "type": "toggle",
        "img": "/images/items/YKEYICON.png",
        "codes": "e4m3_yellow"
    },
    {
        "name": "Ambulatory (E4M3) - Green key",
        "type": "toggle",
        "img": "/images/items/GKEYICON.png",
        "codes": "e4m3_green"
    },
    {
        "name": "Ambulatory (E4M3) - Blue key",
        "type": "toggle",
        "img": "/images/items/BKEYICON.png",
        "codes": "e4m3_blue"
    },
    {
        "name": "Sepulcher (E4M4) - Complete",
        "type": "toggle",
        "img": "/images/items/IN_X.png",
        "codes": "e4m4_complete"
    },
    {
        "name": "Great Stair (E4M5) - Complete",
        "type": "toggle",
        "img": "/images/items/IN_X.png",
        "codes": "e4m5_complete"
    },
    {
        "name": "Great Stair (E4M5) - Yellow key",
        "type": "toggle",
        "img": "/images/items/YKEYICON.png",
        "codes": "e4m5_yellow"
    },
    {
        "name": "Great Stair (E4M5) - Green key",
        "type": "toggle",
        "img": "/images/items/GKEYICON.png",
        "codes": "e4m5_green"
    },
    {
        "name": "Great Stair (E4M5) - Blue key",
        "type": "toggle",
        "img": "/images/items/BKEYICON.png",
        "codes": "e4m5_blue"
    },
    {
        "name": "Halls of the Apostate (E4M6) - Complete",
        "type": "toggle",
        "img": "/images/items/IN_X.png",
        "codes": "e4m6_complete"
    },
    {
        "name": "Halls of the Apostate (E4M6) - Yellow key",
        "type": "toggle",
        "img": "/images/items/YKEYICON.png",
        "codes": "e4m6_yellow"
    },
    {
        "name": "Halls of the Apostate (E4M6) - Green key",
        "type": "toggle",
        "img": "/images/items/GKEYICON.png",
        "codes": "e4m6_green"
    },
    {
        "name": "Halls of the Apostate (E4M6) - Blue key",
        "type": "toggle",
        "img": "/images/items/BKEYICON.png",
        "codes": "e4m6_blue"
    },
    {
        "name": "Ramparts of Perdition (E4M7) - Complete",
        "type": "toggle",
        "img": "/images/items/IN_X.png",
        "codes": "e4m7_complete"
    },
    {
        "name": "Ramparts of Perdition (E4M7) - Yellow key",
        "type": "toggle",
        "img": "/images/items/YKEYICON.png",
        "codes": "e4m7_yellow"
    },
    {
        "name": "Ramparts of Perdition (E4M7) - Green key",
        "type": "toggle",
        "img": "/images/items/GKEYICON.png",
        "codes": "e4m7_green"
    },
    {
        "name": "Ramparts of Perdition (E4M7) - Blue key",
        "type": "toggle",
        "img": "/images/items/BKEYICON.png",
        "codes": "e4m7_blue"
    },
    {
        "name": "Shattered Bridge (E4M8) - Complete",
        "type": "toggle",
        "img": "/images/items/IN_X.png",
        "codes": "e4m8_complete"
    },
    {
        "name": "Shattered Bridge (E4M8) - Yellow key",
        "type": "toggle",
        "img": "/images/items/YKEYICON.png",
        "codes": "e4m8_yellow"
    },
    {
        "name": "Mausoleum (E4M9) - Complete",
        "type": "toggle",
        "img": "/images/items/IN_X.png",
        "codes": "e4m9_complete"
    },
    {
        "name": "Mausoleum (E4M9) - Yellow key",
        "type": "toggle",
        "img": "/images/items/YKEYICON.png",
        "codes": "e4m9_yellow"
    },

    //EPISODE 5 ACCESS
    {
        "name": "Ochre Cliffs (E5M1)",
        "type": "progressive",
        "img": "/images/levels/5-1.png",
        "codes": "e5m1_access",
        "initial_stage_idx": 0,
        "allow_disabled": false,
        "stages": [
            {
                "img": "/images/levels/5-1.png",
                "codes": "e5m1_access",
                "inherit_codes": false
            },
            {
                "img": "/images/levels/5-1.png",
                "codes": "e5m1_access",
                "inherit_codes": false
            }
        ]
    },
    {
        "name": "Rapids (E5M2)",
        "type": "toggle",
        "img": "/images/levels/5-2.png",
        "codes": "e5m2_access"
    },
    {
        "name": "Quay (E5M3)",
        "type": "toggle",
        "img": "/images/levels/5-3.png",
        "codes": "e5m3_access"
    },
    {
        "name": "Courtyard (E5M4)",
        "type": "toggle",
        "img": "/images/levels/5-4.png",
        "codes": "e5m4_access"
    },
    {
        "name": "Hydratyr (E5M5)",
        "type": "toggle",
        "img": "/images/levels/5-5.png",
        "codes": "e5m5_access"
    },
    {
        "name": "Colonnade (E5M6)",
        "type": "toggle",
        "img": "/images/levels/5-6.png",
        "codes": "e5m6_access"
    },
    {
        "name": "Foetid Manse (E5M7)",
        "type": "toggle",
        "img": "/images/levels/5-7.png",
        "codes": "e5m7_access"
    },
    {
        "name": "Field of Judgement (E5M8)",
        "type": "toggle",
        "img": "/images/levels/5-8.png",
        "codes": "e5m8_access"
    },
    {
        "name": "Skein of D'Sparil (E5M9)",
        "type": "toggle",
        "img": "/images/levels/5-9.png",
        "codes": "e5m9_access"
    },

    //EPISODE 5 ITEMS
    {
        "name": "Ochre Cliffs (E5M1) - Complete",
        "type": "toggle",
        "img": "/images/items/IN_X.png",
        "codes": "e5m1_complete"
    },
    {
        "name": "Ochre Cliffs (E5M1) - Yellow key",
        "type": "toggle",
        "img": "/images/items/YKEYICON.png",
        "codes": "e5m1_yellow"
    },
    {
        "name": "Ochre Cliffs (E5M1) - Green key",
        "type": "toggle",
        "img": "/images/items/GKEYICON.png",
        "codes": "e5m1_green"
    },
    {
        "name": "Ochre Cliffs (E5M1) - Blue key",
        "type": "toggle",
        "img": "/images/items/BKEYICON.png",
        "codes": "e5m1_blue"
    },
    {
        "name": "Rapids (E5M2) - Complete",
        "type": "toggle",
        "img": "/images/items/IN_X.png",
        "codes": "e5m2_complete"
    },
    {
        "name": "Rapids (E5M2) - Yellow key",
        "type": "toggle",
        "img": "/images/items/YKEYICON.png",
        "codes": "e5m2_yellow"
    },
    {
        "name": "Rapids (E5M2) - Green key",
        "type": "toggle",
        "img": "/images/items/GKEYICON.png",
        "codes": "e5m2_green"
    },
    {
        "name": "Quay (E5M3) - Complete",
        "type": "toggle",
        "img": "/images/items/IN_X.png",
        "codes": "e5m3_complete"
    },
    {
        "name": "Quay (E5M3) - Yellow key",
        "type": "toggle",
        "img": "/images/items/YKEYICON.png",
        "codes": "e5m3_yellow"
    },
    {
        "name": "Quay (E5M3) - Green key",
        "type": "toggle",
        "img": "/images/items/GKEYICON.png",
        "codes": "e5m3_green"
    },
    {
        "name": "Quay (E5M3) - Blue key",
        "type": "toggle",
        "img": "/images/items/BKEYICON.png",
        "codes": "e5m3_blue"
    },
    {
        "name": "Courtyard (E5M4) - Complete",
        "type": "toggle",
        "img": "/images/items/IN_X.png",
        "codes": "e5m4_complete"
    },
    {
        "name": "Courtyard (E5M4) - Yellow key",
        "type": "toggle",
        "img": "/images/items/YKEYICON.png",
        "codes": "e5m4_yellow"
    },
    {
        "name": "Courtyard (E5M4) - Green key",
        "type": "toggle",
        "img": "/images/items/GKEYICON.png",
        "codes": "e5m4_green"
    },
    {
        "name": "Courtyard (E5M4) - Blue key",
        "type": "toggle",
        "img": "/images/items/BKEYICON.png",
        "codes": "e5m4_blue"
    },
    {
        "name": "Hydratyr (E5M5) - Complete",
        "type": "toggle",
        "img": "/images/items/IN_X.png",
        "codes": "e5m5_complete"
    },
    {
        "name": "Hydratyr (E5M5) - Yellow key",
        "type": "toggle",
        "img": "/images/items/YKEYICON.png",
        "codes": "e5m5_yellow"
    },
    {
        "name": "Hydratyr (E5M5) - Green key",
        "type": "toggle",
        "img": "/images/items/GKEYICON.png",
        "codes": "e5m5_green"
    },
    {
        "name": "Hydratyr (E5M5) - Blue key",
        "type": "toggle",
        "img": "/images/items/BKEYICON.png",
        "codes": "e5m5_blue"
    },
    {
        "name": "Colonnade (E5M6) - Complete",
        "type": "toggle",
        "img": "/images/items/IN_X.png",
        "codes": "e5m6_complete"
    },
    {
        "name": "Colonnade (E5M6) - Yellow key",
        "type": "toggle",
        "img": "/images/items/YKEYICON.png",
        "codes": "e5m6_yellow"
    },
    {
        "name": "Colonnade (E5M6) - Green key",
        "type": "toggle",
        "img": "/images/items/GKEYICON.png",
        "codes": "e5m6_green"
    },
    {
        "name": "Colonnade (E5M6) - Blue key",
        "type": "toggle",
        "img": "/images/items/BKEYICON.png",
        "codes": "e5m6_blue"
    },
    {
        "name": "Foetid Manse (E5M7) - Complete",
        "type": "toggle",
        "img": "/images/items/IN_X.png",
        "codes": "e5m7_complete"
    },
    {
        "name": "Foetid Manse (E5M7) - Yellow key",
        "type": "toggle",
        "img": "/images/items/YKEYICON.png",
        "codes": "e5m7_yellow"
    },
    {
        "name": "Foetid Manse (E5M7) - Green key",
        "type": "toggle",
        "img": "/images/items/GKEYICON.png",
        "codes": "e5m7_green"
    },
    {
        "name": "Foetid Manse (E5M7) - Blue key",
        "type": "toggle",
        "img": "/images/items/BKEYICON.png",
        "codes": "e5m7_blue"
    },
    {
        "name": "Field of Judgement (E5M8) - Complete",
        "type": "toggle",
        "img": "/images/items/IN_X.png",
        "codes": "e5m8_complete"
    },
    {
        "name": "Skein of D'Sparil (E5M9) - Complete",
        "type": "toggle",
        "img": "/images/items/IN_X.png",
        "codes": "e5m9_complete"
    },
    {
        "name": "Skein of D'Sparil (E5M9) - Yellow key",
        "type": "toggle",
        "img": "/images/items/YKEYICON.png",
        "codes": "e5m9_yellow"
    },
    {
        "name": "Skein of D'Sparil (E5M9) - Green key",
        "type": "toggle",
        "img": "/images/items/GKEYICON.png",
        "codes": "e5m9_green"
    },
    {
        "name": "Skein of D'Sparil (E5M9) - Blue key",
        "type": "toggle",
        "img": "/images/items/BKEYICON.png",
        "codes": "e5m9_blue"
    },

    // SETTINGS
    {
        "name": "Pro Mode",
        "type": "progressive",
        "loop": false,
        "allow_disabled": false,
        "stages": [
            {
                "img": "images/settings/non_pro_mode.png",
                "name": "Pro Mode - Off",
                "codes": "pro_mode",
                "inherit_codes": false
            },
            {
                "img": "images/settings/pro_mode.png",
                "name": "Pro Mode - On",
                "codes": "pro_mode"
            }
        ]
    },
    {
        "name": "Checks",
        "type": "progressive",
        "loop": false,
        "allow_disabled": false,
        "stages": [
            {
                "img": "images/settings/non_checksanity.png",
                "name": "Checks - Off",
                "codes": "pro_mode",
                "inherit_codes": false
            },
            {
                "img": "images/settings/checksanity.png",
                "name": "Checks - On",
                "codes": "checks"
            }
        ]
    },
    {
        "name": "Episode 1",
        "type": "progressive",
        "loop": false,
        "allow_disabled": false,
        "initial_stage_idx": 1,
        "stages": [
          {
            "img": "/images/levels/Episode1.png",
            "name": "Episode 1 - Off",
            "codes": "ep1,ep1_off",
            "inherit_codes": false
          },
          {
            "img": "/images/levels/Episode1.png",
            "name": "Episode 1 - On",
            "codes": "ep1,ep1_on"
          }
        ]
      },
      {
        "name": "Episode 2",
        "type": "progressive",
        "loop": false,
        "allow_disabled": false,
        "initial_stage_idx": 1,
        "stages": [
          {
            "img": "/images/levels/Episode2.png",
            "name": "Episode 2 - Off",
            "codes": "ep2,ep2_off",
            "inherit_codes": false
          },
          {
            "img": "/images/levels/Episode2.png",
            "name": "Episode 2 - On",
            "codes": "ep2,ep2_on"
          }
        ]
      },
      {
        "name": "Episode 3",
        "type": "progressive",
        "loop": false,
        "allow_disabled": false,
        "initial_stage_idx": 1,
        "stages": [
          {
            "img": "/images/levels/Episode3.png",
            "name": "Episode 3 - Off",
            "codes": "ep3,ep3_off",
            "inherit_codes": false
          },
          {
            "img": "/images/levels/Episode3.png",
            "name": "Episode 3 - On",
            "codes": "ep3,ep3_on"
          }
        ]
      },
      {
        "name": "Episode 4",
        "type": "progressive",
        "loop": false,
        "allow_disabled": false,
        "initial_stage_idx": 1,
        "stages": [
          {
            "img": "/images/levels/Episode4.png",
            "name": "Episode 4 - Off",
            "codes": "ep4,ep4_off",
            "inherit_codes": false
          },
          {
            "img": "/images/levels/Episode4.png",
            "name": "Episode 4 - On",
            "codes": "ep4,ep4_on"
          }
        ]
      },
      {
        "name": "Episode 5",
        "type": "progressive",
        "loop": false,
        "allow_disabled": false,
        "initial_stage_idx": 1,
        "stages": [
          {
            "img": "/images/levels/Episode5.png",
            "name": "Episode 5 - Off",
            "codes": "ep5,ep5_off",
            "inherit_codes": false
          },
          {
            "img": "/images/levels/Episode5.png",
            "name": "Episode 5 - On",
            "codes": "ep5,ep5_on"
          }
        ]
    }
]