{
    "levels_grid": {
        "type": "array",
        "orientation": "vertical",
        "margin": "0,0",
        "content": [
            {
                "type": "array",
                "orientation": "horizontal",
                "margin": "0,0",
                "content": [
                    {
                        "type": "itemgrid",
                        "item_margin": "2, 2",
                        "h_alignment": "left",
                        "item_h_alignment": "center",
                        "rows": [
                            [
                                "e1m1_access",
                                "e1m2_access",
                                "e1m3_access",
                                "e1m4_access",
                                "e1m5_access",
                                "e1m6_access",
                                "e1m7_access",
                                "e1m8_access",
                                "e1m9_access"
                            ],
                            [
                                "e2m1_access",
                                "e2m2_access",
                                "e2m3_access",
                                "e2m4_access",
                                "e2m5_access",
                                "e2m6_access",
                                "e2m7_access",
                                "e2m8_access",
                                "e2m9_access"
                            ],
                            [
                                "e3m1_access",
                                "e3m2_access",
                                "e3m3_access",
                                "e3m4_access",
                                "e3m5_access",
                                "e3m6_access",
                                "e3m7_access",
                                "e3m8_access",
                                "e3m9_access"
                            ],
                            [
                                "e4m1_access",
                                "e4m2_access",
                                "e4m3_access",
                                "e4m4_access",
                                "e4m5_access",
                                "e4m6_access",
                                "e4m7_access",
                                "e4m8_access",
                                "e4m9_access"
                            ],
                            [
                                "e5m1_access",
                                "e5m2_access",
                                "e5m3_access",
                                "e5m4_access",
                                "e5m5_access",
                                "e5m6_access",
                                "e5m7_access",
                                "e5m8_access",
                                "e5m9_access"
                            ]
                        ]
                    }
                ]
            }
        ]
    }
}