{
    "tracker_default": {
        "type": "container",
        "background": "#5a5a5a",
        "content": {
            "type": "dock",
            "dropshadow": true,
            "content": [
                {
                    "type": "dock",
                    "dock": "bottom",
                    "content": [
                        {
                            "type": "group",
                            "header": "Weapons",
                            "dock": "left",
                            "margin": "0,0,3,0",
                            "content": {
                                "type": "layout",
                                "h_alignment": "center",
                                "v_alignment": "center",
                                "key": "weapons_grid"
                            }
                        },
                        {
                            "type": "group",
                            "header": "Level Access",
                            "dock": "left",
                            "margin": "0,0,3,0",
                            "content": {
                                "type": "layout",
                                "h_alignment": "center",
                                "v_alignment": "center",
                                "key": "levels_grid"
                            }
                        },
                        {
                            "type": "group",
                            "header": "Keys",
                            "dock": "left",
                            "margin": "0,0,3,0",
                            "content": {
                                "type": "layout",
                                "h_alignment": "center",
                                "v_alignement": "center",
                                "key": "keys_grid"
                            }
                        },
                        {
                            "type": "group",
                            "header": "Settings",
                            "dock": "left",
                            "margin": "0,0,3,0",
                            "content": {
                                "type": "layout",
                                "h_alignment": "center",
                                "v_alignment": "center",
                                "key": "setting_grid"
                            }
                        }
                    ]
                },
                {
                    "type": "dock",
                    "content": {
                        "type": "layout",
                        "key": "tabbed_maps"
                    }
                }
            ]
        }
    }
}