{
    "weapons_grid": {
        "type": "array",
        "orientation": "vertical",
        "margin": "0,0",
        "content": [
            {
                "type": "array",
                "orientation": "horizontal",
                "margin": "0,0",
                "content": [
                    {
                        "type": "itemgrid",
                        "item_margin": "2, 2",
                        "h_alignment": "left",
                        "rows": [
                            [
                                "gauntlets",
                                "crossbow"
                            ],
                            [
                                "dragon_claw",
                                "hellstaff"
                            ],
                            [
                                "phoenix_rod",
                                "firemace"
                            ],
                            [
                                "bag"
                            ]
                        ]
                    }
                ]
            }
        ]
    }
}